{
  "step_qonnx_to_finn": 0.00010657310485839844,
  "step_tidy_up": 0.2713494300842285,
  "step_streamline": 7.017956018447876,
  "step_convert_to_hls": 0.5024187564849854,
  "step_create_dataflow_partition": 0.03580069541931152,
  "step_target_fps_parallelization": 0.017941713333129883,
  "step_apply_folding_config": 6.67572021484375e-06,
  "step_generate_estimate_reports": 6.9141387939453125e-06,
  "step_hls_codegen": 26.440217971801758,
  "step_hls_ipgen": 367.2072570323944,
  "step_set_fifo_depths": 4917.6932599544525,
  "step_create_stitched_ip": 2.0265579223632812e-05,
  "step_measure_rtlsim_performance": 3.337860107421875e-06,
  "step_out_of_context_synthesis": 3.337860107421875e-06,
  "step_synthesize_bitfile": 5685.197906255722,
  "step_make_pynq_driver": 2.265221357345581,
  "step_deployment_package": 0.016701698303222656
}